Date,Round,Venue,Result,GF,GA,Opponent,xG,xGA,Possesion,Total Shots,Shots on Target,PK,PKatt,Passes Completed,Passes Attempted,Pass Completion %,YellowCards,RedCards,Fouls Committed,Fouls drawn,Team,xPts
8/12/2023,R1,Home,W,2,1,Nott'ham Forest,0.8,1.2,78,15,7,0,0,716,807,88.7,2,0,12,12,Arsenal,1.04
8/21/2023,R2,Away,W,1,0,Crystal Palace,2,1,53,13,2,1,1,436,527,82.7,3,1,10,13,Arsenal,2.07
8/26/2023,R3,Home,D,2,2,Fulham,3.2,0.6,71,18,9,1,1,644,741,86.9,0,0,6,5,Arsenal,2.71
9/3/2023,R4,Home,W,3,1,Manchester Utd,2.3,0.9,55,17,5,0,0,490,583,84,2,0,8,7,Arsenal,2.25
9/17/2023,R5,Away,W,1,0,Everton,1,0.3,74,13,4,0,0,627,721,87,1,0,10,12,Arsenal,1.92
9/24/2023,R6,Home,D,2,2,Tottenham,1.8,1.4,47,12,4,1,1,346,423,81.8,3,0,12,18,Arsenal,1.65
9/30/2023,R7,Away,W,4,0,Bournemouth,3.4,0.6,57,13,6,2,2,495,564,87.8,1,0,10,11,Arsenal,2.73
10/8/2023,R8,Home,W,1,0,Manchester City,0.4,0.5,49,12,2,0,0,454,535,84.9,2,0,8,7,Arsenal,1.14
10/21/2023,R9,Away,D,2,2,Chelsea,1,1.3,56,13,3,0,0,509,608,83.7,3,0,14,7,Arsenal,1.14
10/28/2023,R10,Home,W,5,0,Sheffield Utd,2.8,0,67,12,6,1,1,613,693,88.5,0,0,9,13,Arsenal,2.86
11/4/2023,R11,Away,L,0,1,Newcastle Utd,0.6,1,58,14,1,0,0,431,525,82.1,1,0,9,14,Arsenal,1.00
11/11/2023,R12,Home,W,3,1,Burnley,1.8,0.3,63,16,6,0,0,507,614,82.6,0,1,8,9,Arsenal,2.44
11/25/2023,R13,Away,W,1,0,Brentford,1.6,1.1,63,15,4,0,0,442,564,78.4,1,0,7,8,Arsenal,1.72
12/2/2023,R14,Home,W,2,1,Wolves,2.8,0.7,57,19,6,0,0,567,655,86.6,1,0,10,8,Arsenal,2.56
12/5/2023,R15,Away,W,4,3,Luton Town,2.2,0.5,66,23,9,0,0,524,637,82.3,1,0,7,14,Arsenal,2.46
12/9/2023,R16,Away,L,0,1,Aston Villa,1.4,0.6,61,12,3,0,0,410,497,82.5,2,0,11,16,Arsenal,1.97
12/17/2023,R17,Home,W,2,0,Brighton,2.3,0.7,49,26,8,0,0,487,553,88.1,1,0,11,9,Arsenal,2.34
12/23/2023,R18,Away,D,1,1,Liverpool,0.7,1,48,13,2,0,0,360,466,77.3,5,0,14,13,Arsenal,1.06
12/28/2023,R19,Home,L,0,2,West Ham,2.7,1.4,73,30,8,0,0,703,796,88.3,2,0,8,8,Arsenal,2.13
12/31/2023,R20,Away,L,1,2,Fulham,1.6,1.2,60,13,3,0,0,576,670,86,1,0,10,11,Arsenal,1.65
1/20/2024,R21,Home,W,5,0,Crystal Palace,3.3,0.3,60,21,7,0,0,504,599,84.1,0,0,8,12,Arsenal,2.84
1/30/2024,R22,Away,W,2,1,Nott'ham Forest,1.2,0.5,73,19,3,0,0,688,797,86.3,1,0,7,5,Arsenal,1.90
2/4/2024,R23,Home,W,3,1,Liverpool,3.5,0.4,43,15,7,0,0,326,430,75.8,6,0,11,10,Arsenal,2.83
2/11/2024,R24,Away,W,6,0,West Ham,3.6,0.2,70,24,11,1,1,673,738,91.2,0,0,11,17,Arsenal,2.89
2/17/2024,R25,Away,W,5,0,Burnley,2.3,0.3,64,15,6,1,1,543,636,85.4,1,0,8,11,Arsenal,2.62
2/24/2024,R26,Home,W,4,1,Newcastle Utd,2.8,0.2,55,18,7,0,0,492,593,83,1,0,15,5,Arsenal,2.79
3/4/2024,R27,Away,W,6,0,Sheffield Utd,2.3,0.2,80,22,9,0,0,844,936,90.2,0,0,4,11,Arsenal,2.68
3/9/2024,R28,Home,W,2,1,Brentford,1.3,1,71,17,5,0,0,487,612,79.6,2,0,9,10,Arsenal,1.58
8/13/2023,R1,Away,D,1,1,Chelsea,1.3,1.4,35,13,1,0,0,316,411,76.9,3,0,13,5,Liverpool,1.30
8/19/2023,R2,Home,W,3,1,Bournemouth,3,1.3,64,25,9,0,1,540,640,84.4,1,1,11,13,Liverpool,2.33
8/27/2023,R3,Away,W,2,1,Newcastle Utd,0.9,2,41,9,4,0,0,336,427,78.7,2,1,10,15,Liverpool,0.68
9/3/2023,R4,Home,W,3,0,Aston Villa,2.5,0.7,63,17,4,0,0,653,727,89.8,0,0,12,7,Liverpool,2.46
9/16/2023,R5,Away,W,3,1,Wolves,2.5,0.6,65,16,5,0,0,673,778,86.5,3,0,4,9,Liverpool,2.50
9/24/2023,R6,Home,W,3,1,West Ham,3,1.1,63,21,6,1,1,600,691,86.8,0,0,12,13,Liverpool,2.37
9/30/2023,R7,Away,L,1,2,Tottenham,1.3,2.2,36,12,4,0,0,314,406,77.3,6,2,17,11,Liverpool,0.87
10/8/2023,R8,Away,D,2,2,Brighton,2.3,2.3,54,13,3,1,1,451,524,86.1,2,0,20,12,Liverpool,1.39
10/21/2023,R9,Home,W,2,0,Everton,2.2,0.1,77,25,5,1,1,685,804,85.2,1,0,9,8,Liverpool,2.72
10/29/2023,R10,Home,W,3,0,Nott'ham Forest,3.2,0.4,72,21,8,0,0,686,780,87.9,2,0,9,13,Liverpool,2.77
11/5/2023,R11,Away,D,1,1,Luton Town,2.6,0.8,73,24,6,0,0,614,724,84.8,1,0,13,5,Liverpool,2.43
11/12/2023,R12,Home,W,3,0,Brentford,1.7,1.6,58,17,10,0,0,437,548,79.7,1,0,16,10,Liverpool,1.45
11/25/2023,R13,Away,D,1,1,Manchester City,0.6,1.3,41,8,3,0,0,356,444,80.2,3,0,11,8,Liverpool,0.83
12/3/2023,R14,Home,W,4,3,Fulham,2.1,1.2,61,26,12,0,0,539,674,80,0,0,6,7,Liverpool,1.96
12/6/2023,R15,Away,W,2,0,Sheffield Utd,1.7,1,75,15,8,0,0,561,692,81.1,3,0,8,12,Liverpool,1.83
12/9/2023,R16,Away,W,2,1,Crystal Palace,1.2,1.7,76,14,2,0,0,605,712,85,2,0,17,17,Liverpool,1.06
12/17/2023,R17,Home,D,0,0,Manchester Utd,2.3,0.8,68,34,8,0,0,555,685,81,2,0,13,8,Liverpool,2.28
12/23/2023,R18,Home,D,1,1,Arsenal,1,0.7,52,13,3,0,0,386,495,78,2,0,13,13,Liverpool,1.55
12/26/2023,R19,Away,W,2,0,Burnley,1.8,0.8,68,19,10,0,0,583,705,82.7,1,0,10,7,Liverpool,2.05
1/1/2024,R20,Home,W,4,2,Newcastle Utd,7,0.6,61,32,12,1,2,496,600,82.7,3,0,16,15,Liverpool,2.98
1/21/2024,R21,Away,W,4,0,Bournemouth,1.5,1.4,60,14,7,0,0,464,569,81.5,2,0,12,9,Liverpool,1.44
1/31/2024,R22,Home,W,4,1,Chelsea,2.9,0.6,50,27,13,0,1,496,600,82.7,2,0,15,15,Liverpool,2.65
2/4/2024,R23,Away,L,1,3,Arsenal,0.4,3.5,57,10,1,0,0,466,579,80.5,4,1,11,10,Liverpool,0.11
2/10/2024,R24,Home,W,3,1,Burnley,2.8,1.3,70,25,10,0,0,612,728,84.1,3,0,11,13,Liverpool,2.20
2/17/2024,R25,Away,W,4,1,Brentford,2.8,1.6,62,15,8,0,0,528,651,81.1,1,0,18,4,Liverpool,2.06
2/21/2024,R26,Home,W,4,1,Luton Town,3.3,0.9,60,29,13,0,0,445,553,80.5,1,0,15,14,Liverpool,2.59
3/2/2024,R27,Away,W,1,0,Nott'ham Forest,2,1,69,22,1,0,0,609,718,84.8,2,0,12,11,Liverpool,2.02
3/10/2024,R28,Home,D,1,1,Manchester City,2.7,1.6,53,18,5,1,1,517,635,81.4,0,0,6,9,Liverpool,2.00
8/11/2023,R1,Away,W,3,0,Burnley,1.9,0.3,65,17,8,0,0,655,740,88.5,0,0,8,11,Manchester City,2.48
8/19/2023,R2,Home,W,1,0,Newcastle Utd,1,0.3,59,14,4,0,0,632,714,88.5,1,0,13,11,Manchester City,1.96
8/27/2023,R3,Away,W,2,1,Sheffield Utd,3.5,0.7,79,29,9,0,1,707,793,89.2,0,0,2,9,Manchester City,2.72
9/2/2023,R4,Home,W,5,1,Fulham,2.2,1.4,68,6,4,1,1,681,766,88.9,2,0,12,11,Manchester City,1.87
9/16/2023,R5,Away,W,3,1,West Ham,3.6,0.9,68,29,13,0,0,676,747,90.5,2,0,11,7,Manchester City,2.67
9/23/2023,R6,Home,W,2,0,Nott'ham Forest,1.3,1,57,7,4,0,0,525,599,87.6,3,1,5,17,Manchester City,1.57
9/30/2023,R7,Away,L,1,2,Wolves,0.9,0.4,68,23,8,0,0,557,645,86.4,4,0,12,18,Manchester City,1.75
10/8/2023,R8,Away,L,0,1,Arsenal,0.5,0.4,51,4,0,0,0,468,549,85.2,3,0,7,8,Manchester City,1.34
10/21/2023,R9,Home,W,2,1,Brighton,0.8,0.8,55,10,5,0,0,561,636,88.2,4,1,9,11,Manchester City,1.31
10/29/2023,R10,Away,W,3,0,Manchester Utd,4,0.9,60,20,9,1,1,557,639,87.2,1,0,5,9,Manchester City,2.72
11/4/2023,R11,Home,W,6,1,Bournemouth,1.9,0.9,65,21,8,0,0,693,758,91.4,0,0,8,9,Manchester City,2.04
11/12/2023,R12,Away,D,4,4,Chelsea,2.9,2.9,55,14,9,1,1,504,573,88,3,0,15,13,Manchester City,1.40
11/25/2023,R13,Home,D,1,1,Liverpool,1.3,0.6,59,16,5,0,0,573,650,88.2,1,0,9,11,Manchester City,1.90
12/3/2023,R14,Home,D,3,3,Tottenham,2.6,0.5,55,17,4,0,0,527,619,85.1,4,0,14,13,Manchester City,2.57
12/6/2023,R15,Away,L,0,1,Aston Villa,0.6,2.3,54,2,2,0,0,469,548,85.6,2,0,13,12,Manchester City,0.41
12/10/2023,R16,Away,W,2,1,Luton Town,1.6,0.3,65,18,6,0,0,542,636,85.2,1,0,6,15,Manchester City,2.33
12/16/2023,R17,Home,D,2,2,Crystal Palace,1.6,1.8,74,19,9,0,0,783,866,90.4,1,0,12,9,Manchester City,1.28
12/27/2023,R19,Away,W,3,1,Everton,2.4,1,72,22,8,1,1,733,821,89.3,2,0,5,12,Manchester City,2.20
12/30/2023,R20,Home,W,2,0,Sheffield Utd,2.2,0.3,80,18,4,0,0,959,1028,93.3,1,0,5,6,Manchester City,2.59
1/13/2024,R21,Away,W,3,2,Newcastle Utd,3,1.3,72,27,11,0,0,697,786,88.7,2,0,7,7,Manchester City,2.31
1/31/2024,R22,Home,W,3,1,Burnley,1.7,1.4,74,14,4,0,0,739,831,88.9,2,0,3,13,Manchester City,1.56
2/5/2024,R23,Away,W,3,1,Brentford,2.1,1,72,25,15,0,0,707,802,88.2,0,0,4,2,Manchester City,2.10
2/10/2024,R24,Home,W,2,0,Everton,1.6,0.3,72,19,3,0,0,740,829,89.3,0,0,6,11,Manchester City,2.34
2/17/2024,R25,Home,D,1,1,Chelsea,2.6,1.4,70,31,5,0,0,688,784,87.8,1,0,7,12,Manchester City,2.05
2/20/2024,R18,Home,W,1,0,Brentford,2.3,0.4,70,25,10,0,0,683,765,89.3,2,0,12,6,Manchester City,2.55
2/24/2024,R26,Away,W,1,0,Bournemouth,1.6,0.9,62,15,6,0,0,517,623,83,2,0,6,14,Manchester City,1.86
3/3/2024,R27,Home,W,3,1,Manchester Utd,3.3,0.2,73,27,8,0,0,765,862,88.7,0,0,5,10,Manchester City,2.88
3/10/2024,R28,Away,D,1,1,Liverpool,1.6,2.7,47,10,6,0,0,459,566,81.1,3,0,10,6,Manchester City,0.83
8/13/2023,R1,Away,D,2,2,Brentford,1.3,2.2,69,18,6,0,0,658,754,87.3,4,0,13,11,Tottenham Hotspur,0.85
8/19/2023,R2,Home,W,2,0,Manchester Utd,1.7,2.1,55,17,6,0,0,460,549,83.8,1,0,9,8,Tottenham Hotspur,1.15
8/26/2023,R3,Away,W,2,0,Bournemouth,2.1,0.7,56,17,6,0,0,498,568,87.7,3,0,11,16,Tottenham Hotspur,2.25
9/2/2023,R4,Away,W,5,2,Burnley,2.2,1.3,53,21,11,0,0,505,586,86.2,3,0,9,15,Tottenham Hotspur,1.93
9/16/2023,R5,Home,W,2,1,Sheffield Utd,2.1,0.7,70,28,10,0,0,579,683,84.8,6,0,13,12,Tottenham Hotspur,2.30
9/24/2023,R6,Away,D,2,2,Arsenal,1.4,1.8,53,13,5,0,0,404,485,83.3,4,0,19,11,Tottenham Hotspur,1.11
9/30/2023,R7,Home,W,2,1,Liverpool,2.2,1.3,64,24,8,0,0,629,719,87.5,5,0,11,17,Tottenham Hotspur,1.94
10/7/2023,R8,Away,W,1,0,Luton Town,1.9,0.8,66,15,4,0,0,502,602,83.4,3,1,7,16,Tottenham Hotspur,2.14
10/23/2023,R9,Home,W,2,0,Fulham,1.5,1,55,15,5,0,0,540,631,85.6,2,0,10,14,Tottenham Hotspur,1.70
10/27/2023,R10,Away,W,2,1,Crystal Palace,1.1,0.6,75,10,1,0,0,696,776,89.7,1,0,11,18,Tottenham Hotspur,1.77
11/6/2023,R11,Home,L,1,4,Chelsea,0.9,4.1,40,8,5,0,0,278,355,78.3,3,2,12,20,Tottenham Hotspur,0.17
11/11/2023,R12,Away,L,1,2,Wolves,0.7,2.1,58,6,2,0,0,575,664,86.6,3,0,15,19,Tottenham Hotspur,0.53
11/26/2023,R13,Home,L,1,2,Aston Villa,2.3,1.7,62,18,7,0,0,598,680,87.9,0,0,11,12,Tottenham Hotspur,1.76
12/3/2023,R14,Away,D,3,3,Manchester City,0.5,2.6,45,8,4,0,0,426,509,83.7,4,0,14,13,Tottenham Hotspur,0.28
12/7/2023,R15,Home,L,1,2,West Ham,1.8,2.2,74,23,6,0,0,740,831,89,3,0,11,10,Tottenham Hotspur,1.16
12/10/2023,R16,Home,W,4,1,Newcastle Utd,3.8,1.7,56,22,10,1,1,492,584,84.2,1,0,10,12,Tottenham Hotspur,2.40
12/15/2023,R17,Away,W,2,0,Nott'ham Forest,1.5,1.3,66,12,6,0,0,507,581,87.3,4,1,11,15,Tottenham Hotspur,1.50
12/23/2023,R18,Home,W,2,1,Everton,1.5,1.8,61,13,6,0,0,522,625,83.5,1,0,6,17,Tottenham Hotspur,1.19
12/28/2023,R19,Away,L,2,4,Brighton,2.3,3.2,55,19,3,0,0,491,597,82.2,2,0,6,18,Tottenham Hotspur,0.98
12/31/2023,R20,Home,W,3,1,Bournemouth,2.3,1.7,50,12,6,0,0,378,473,79.9,3,0,9,18,Tottenham Hotspur,1.76
1/14/2024,R21,Away,D,2,2,Manchester Utd,1.2,0.8,63,16,5,0,0,533,624,85.4,1,0,5,8,Tottenham Hotspur,1.65
1/31/2024,R22,Home,W,3,2,Brentford,2.9,1.6,67,19,5,0,0,547,657,83.3,2,0,13,14,Tottenham Hotspur,2.09
2/3/2024,R23,Away,D,2,2,Everton,1,2.6,57,9,6,0,0,421,547,77,0,0,14,8,Tottenham Hotspur,0.51
2/10/2024,R24,Home,W,2,1,Brighton,1.6,1.2,52,16,6,0,0,471,574,82.1,2,0,14,13,Tottenham Hotspur,1.66
2/17/2024,R25,Home,L,1,2,Wolves,1.6,1.8,71,15,4,0,0,693,809,85.7,0,0,8,13,Tottenham Hotspur,1.24
3/2/2024,R27,Home,W,3,1,Crystal Palace,1.9,0.3,78,14,6,0,0,755,868,87,1,0,7,16,Tottenham Hotspur,2.49
3/10/2024,R28,Away,W,4,0,Aston Villa,1.5,0.8,68,9,5,0,0,669,742,90.2,2,0,15,11,Tottenham Hotspur,1.88
3/16/2024,R29,Away,L,0,3,Fulham,2.4,2.6,57,14,5,0,0,481,580,82.9,3,0,10,9,Tottenham Hotspur,1.30
8/14/2023,R1,Home,W,1,0,Wolves,2.2,2.2,51,15,2,0,0,402,502,80.1,2,0,15,10,Manchester United,1.39
8/19/2023,R2,Away,L,0,2,Tottenham,2.1,1.7,45,22,6,0,0,360,443,81.3,3,0,8,9,Manchester United,1.63
8/26/2023,R3,Home,W,3,2,Nott'ham Forest,2.8,1.2,66,17,8,1,1,567,681,83.3,4,0,13,11,Manchester United,2.27
9/3/2023,R4,Away,L,1,3,Arsenal,0.9,2.3,45,10,2,0,0,406,481,84.4,3,0,7,8,Manchester United,0.59
9/16/2023,R5,Home,L,1,3,Brighton,1,1.7,44,14,4,0,0,445,539,82.6,2,0,8,9,Manchester United,0.87
9/23/2023,R6,Away,W,1,0,Burnley,1,1.1,39,11,4,0,0,342,437,78.3,2,0,12,6,Manchester United,1.26
9/30/2023,R7,Home,L,0,1,Crystal Palace,1.3,0.9,77,19,3,0,0,688,810,84.9,3,0,10,8,Manchester United,1.63
10/7/2023,R8,Home,W,2,1,Brentford,1.4,0.9,64,21,8,0,0,528,633,83.4,0,0,10,16,Manchester United,1.71
10/21/2023,R9,Away,W,2,1,Sheffield Utd,1.1,1.4,62,14,5,0,0,471,603,78.1,1,0,10,12,Manchester United,1.13
10/29/2023,R10,Home,L,0,3,Manchester City,0.9,4,40,7,3,0,0,335,429,78.1,4,0,9,5,Manchester United,0.19
11/4/2023,R11,Away,W,1,0,Fulham,0.7,1,55,12,5,0,0,373,486,76.7,2,0,15,9,Manchester United,1.09
11/11/2023,R12,Home,W,1,0,Luton Town,2.2,0.4,64,15,4,0,0,531,635,83.6,0,0,9,9,Manchester United,2.52
11/26/2023,R13,Away,W,3,0,Everton,2.2,2.4,49,8,3,1,1,363,481,75.5,0,0,8,10,Manchester United,1.27
12/2/2023,R14,Away,L,0,1,Newcastle Utd,0.5,2.4,42,8,1,0,0,297,408,72.8,2,0,14,6,Manchester United,0.32
12/6/2023,R15,Home,W,2,1,Chelsea,4.1,1.5,45,27,8,0,1,361,447,80.8,4,0,12,12,Manchester United,2.54
12/9/2023,R16,Home,L,0,3,Bournemouth,1.1,1.5,68,20,3,0,0,591,713,82.9,3,0,7,9,Manchester United,1.10
12/17/2023,R17,Away,D,0,0,Liverpool,0.8,2.3,32,6,1,0,0,224,321,69.8,6,1,8,13,Manchester United,0.51
12/23/2023,R18,Away,L,0,2,West Ham,1,1.2,65,11,3,0,0,569,676,84.2,3,0,15,12,Manchester United,1.17
12/26/2023,R19,Home,W,3,2,Aston Villa,1.1,1.7,46,13,7,0,0,330,437,75.5,1,0,10,10,Manchester United,0.95
12/30/2023,R20,Away,L,1,2,Nott'ham Forest,0.8,0.7,56,10,5,0,0,430,539,79.8,4,0,11,9,Manchester United,1.42
1/14/2024,R21,Home,D,2,2,Tottenham,0.8,1.2,37,9,2,0,0,267,365,73.2,2,0,8,5,Manchester United,1.02
2/1/2024,R22,Away,W,4,3,Wolves,3.3,2.1,47,21,8,0,0,412,491,83.9,5,0,10,9,Manchester United,2.02
2/4/2024,R23,Home,W,3,0,West Ham,0.7,1.4,51,12,5,0,0,469,554,84.7,0,0,10,5,Manchester United,0.82
2/11/2024,R24,Away,W,2,1,Aston Villa,1.8,2.4,44,17,5,0,0,329,421,78.1,2,0,7,9,Manchester United,1.04
2/18/2024,R25,Away,W,2,1,Luton Town,2.9,1.8,42,21,8,0,0,313,418,74.9,5,0,21,7,Manchester United,1.98
2/24/2024,R26,Home,L,1,2,Fulham,1.7,1.2,57,21,8,0,0,482,572,84.3,2,0,6,10,Manchester United,1.71
3/3/2024,R27,Away,L,1,3,Manchester City,0.2,3.3,27,3,1,0,0,247,318,77.7,1,0,10,5,Manchester United,0.08
3/9/2024,R28,Home,W,2,0,Everton,2.7,1.6,51,13,6,2,2,419,518,80.9,1,0,13,10,Manchester United,1.98
8/13/2023,R1,Home,D,1,1,Liverpool,1.4,1.3,65,10,4,0,0,645,755,85.4,3,0,5,13,Chelsea,1.43
8/20/2023,R2,Away,L,1,3,West Ham,2.5,1.8,75,16,3,0,1,661,773,85.5,3,0,9,12,Chelsea,1.79
8/25/2023,R3,Home,W,3,0,Luton Town,2.2,0.4,67,19,8,0,0,621,684,90.8,2,0,15,11,Chelsea,2.53
9/2/2023,R4,Home,L,0,1,Nott'ham Forest,2.3,0.8,75,21,2,0,0,668,787,84.9,3,0,10,9,Chelsea,2.33
9/17/2023,R5,Away,D,0,0,Bournemouth,1.8,1,64,14,6,0,0,542,633,85.6,5,0,20,15,Chelsea,1.91
9/24/2023,R6,Home,L,0,1,Aston Villa,1.3,1,53,10,4,0,0,405,492,82.3,2,1,9,10,Chelsea,1.58
10/2/2023,R7,Away,W,2,0,Fulham,1.7,1.1,44,11,4,0,0,416,493,84.4,4,0,12,14,Chelsea,1.78
10/7/2023,R8,Away,W,4,1,Burnley,1.9,0.7,62,8,4,1,1,632,698,90.5,4,0,8,10,Chelsea,2.19
10/21/2023,R9,Home,D,2,2,Arsenal,1.3,1,44,10,4,1,1,386,475,81.3,3,0,7,13,Chelsea,1.61
10/28/2023,R10,Home,L,0,2,Brentford,1.9,2.2,68,17,2,0,0,686,785,87.4,1,0,12,7,Chelsea,1.19
11/6/2023,R11,Away,W,4,1,Tottenham,4.1,0.9,60,16,6,1,1,452,540,83.7,5,0,21,12,Chelsea,2.74
11/12/2023,R12,Home,D,4,4,Manchester City,2.9,2.9,45,16,8,1,1,398,473,84.1,5,0,13,13,Chelsea,1.40
11/25/2023,R13,Away,L,1,4,Newcastle Utd,0.5,2.4,46,7,4,0,0,369,441,83.7,6,1,19,13,Chelsea,0.32
12/3/2023,R14,Home,W,3,2,Brighton,2.1,1.1,32,7,3,1,1,258,333,77.5,5,1,16,12,Chelsea,2.00
12/6/2023,R15,Away,L,1,2,Manchester Utd,1.5,4.1,55,13,3,0,0,468,547,85.6,0,0,12,12,Chelsea,0.36
12/10/2023,R16,Away,L,0,2,Everton,0.9,1.2,71,16,4,0,0,638,743,85.9,2,0,12,11,Chelsea,1.11
12/16/2023,R17,Home,W,2,0,Sheffield Utd,3.1,0.4,78,15,6,0,0,761,851,89.4,1,0,9,14,Chelsea,2.75
12/24/2023,R18,Away,L,1,2,Wolves,2,1.3,68,16,4,0,0,554,644,86,6,0,9,11,Chelsea,1.81
12/27/2023,R19,Home,W,2,1,Crystal Palace,2.6,1.1,63,8,2,1,1,595,677,87.9,3,0,13,16,Chelsea,2.25
12/30/2023,R20,Away,W,3,2,Luton Town,1.5,2.3,48,12,8,0,0,357,436,81.9,2,0,21,14,Chelsea,0.97
1/13/2024,R21,Home,W,1,0,Fulham,2.2,0.8,55,16,2,1,1,467,571,81.8,5,0,13,8,Chelsea,2.26
1/31/2024,R22,Away,L,1,4,Liverpool,0.6,2.9,50,4,3,0,0,504,589,85.6,4,0,16,15,Chelsea,0.27
2/4/2024,R23,Home,L,2,4,Wolves,1.7,2,64,15,4,0,0,597,693,86.1,3,0,15,11,Chelsea,1.21
2/12/2024,R24,Away,W,3,1,Crystal Palace,1.4,0.6,77,14,5,0,0,784,897,87.4,2,0,7,14,Chelsea,1.98
2/17/2024,R25,Away,D,1,1,Manchester City,1.4,2.6,30,9,6,0,0,266,336,79.2,3,0,12,7,Chelsea,0.74
3/2/2024,R27,Away,D,2,2,Brentford,1.8,1.8,67,17,5,0,0,580,695,83.5,1,0,9,10,Chelsea,1.37
3/11/2024,R28,Home,W,3,2,Newcastle Utd,1.6,0.7,44,12,7,0,0,361,461,78.3,3,0,12,7,Chelsea,2.00
8/12/2023,R1,Away,W,2,0,Athletic Club,0.9,0.4,54,14,8,0,0,556,639,87,1,0,6,16,Real Madrid,1.75
8/19/2023,R2,Away,W,3,1,Almería,2,1.3,57,25,9,0,0,548,622,88.1,0,0,13,9,Real Madrid,1.82
8/25/2023,R3,Away,W,1,0,Celta Vigo,1.4,1.2,63,9,2,0,1,589,672,87.6,3,0,14,19,Real Madrid,1.49
9/2/2023,R4,Home,W,2,1,Getafe,2.8,0.4,76,26,12,0,0,674,782,86.2,2,0,12,15,Real Madrid,2.69
9/17/2023,R5,Home,W,2,1,Real Sociedad,2,1.6,52,17,8,0,0,477,558,85.5,3,0,11,13,Real Madrid,1.64
9/24/2023,R6,Away,L,1,3,Atlético Madrid,1,1.4,63,20,5,0,0,584,654,89.3,3,0,10,13,Real Madrid,1.08
9/27/2023,R7,Home,W,2,0,Las Palmas,1.7,0.7,48,21,9,0,0,534,618,86.4,0,0,7,7,Real Madrid,2.09
9/30/2023,R8,Away,W,3,0,Girona,2.3,1.6,48,14,7,0,0,483,546,88.5,2,1,14,12,Real Madrid,1.79
10/7/2023,R9,Home,W,4,0,Osasuna,3.2,0.5,67,18,8,0,1,673,745,90.3,2,0,9,5,Real Madrid,2.73
10/21/2023,R10,Away,D,1,1,Sevilla,1.6,1.5,51,14,4,0,0,469,535,87.7,3,0,6,13,Real Madrid,1.45
10/28/2023,R11,Away,W,2,1,Barcelona,1.1,1.5,47,13,4,0,0,469,533,88,1,0,15,15,Real Madrid,1.10
11/5/2023,R12,Home,D,0,0,Rayo Vallecano,2.2,0.1,63,22,5,0,0,501,598,83.8,3,0,12,14,Real Madrid,2.73
11/11/2023,R13,Home,W,5,1,Valencia,1.7,1.7,57,16,7,0,0,522,589,88.6,1,0,7,25,Real Madrid,1.42
11/26/2023,R14,Away,W,3,0,Cádiz,1.6,1.2,61,14,5,0,0,622,687,90.5,3,0,16,16,Real Madrid,1.67
12/2/2023,R15,Home,W,2,0,Granada,1.8,0.1,71,11,4,0,0,781,855,91.3,2,0,10,12,Real Madrid,2.59
12/9/2023,R16,Away,D,1,1,Betis,1,1.3,63,12,2,0,0,681,765,89,1,0,7,14,Real Madrid,1.13
12/17/2023,R17,Home,W,4,1,Villarreal,2.3,0.8,60,22,9,0,0,604,679,89,2,0,14,12,Real Madrid,2.31
12/21/2023,R18,Away,W,1,0,Alavés,0.6,0.6,60,9,4,0,0,519,577,89.9,1,1,13,18,Real Madrid,1.30
1/3/2024,R19,Home,W,1,0,Mallorca,1.7,0.6,67,17,5,0,0,612,691,88.6,2,0,5,13,Real Madrid,2.14
1/21/2024,R21,Home,W,3,2,Almería,2.2,0.9,73,17,5,1,1,592,706,83.9,3,0,9,15,Real Madrid,2.22
1/27/2024,R22,Away,W,2,1,Las Palmas,2.3,0.7,47,13,5,0,0,456,521,87.5,3,0,14,14,Real Madrid,2.36
2/1/2024,R20,Away,W,2,0,Getafe,2,0.8,58,16,9,0,0,549,628,87.4,2,0,5,16,Real Madrid,2.15
2/4/2024,R23,Home,D,1,1,Atlético Madrid,1.9,1.1,54,17,4,0,0,641,693,92.5,0,0,6,14,Real Madrid,1.89
2/10/2024,R24,Home,W,4,0,Girona,3.2,0.3,53,15,6,0,1,557,603,92.4,1,0,9,12,Real Madrid,2.82
2/18/2024,R25,Away,D,1,1,Rayo Vallecano,1.1,1.1,59,11,4,0,0,457,556,82.2,3,1,7,16,Real Madrid,1.35
2/25/2024,R26,Home,W,1,0,Sevilla,1,0.8,65,16,6,0,0,617,690,89.4,1,0,10,12,Real Madrid,1.51
3/2/2024,R27,Away,D,2,2,Valencia,2.2,1.1,70,10,5,0,0,691,778,88.8,3,1,11,18,Real Madrid,2.10
3/10/2024,R28,Home,W,4,0,Celta Vigo,3.4,0.8,62,25,13,0,0,604,674,89.6,2,0,8,13,Real Madrid,2.65
3/16/2024,R29,Away,W,4,2,Osasuna,2.9,0.7,64,17,9,0,0,529,619,85.5,2,0,8,18,Real Madrid,2.57
8/13/2023,R1,Away,D,0,0,Getafe,1.4,0.6,74,14,3,0,0,680,767,88.7,2,2,11,19,Barcelona,1.94
8/20/2023,R2,Home,W,2,0,Cádiz,3.4,1.1,74,24,10,0,0,585,659,88.8,4,0,9,19,Barcelona,2.50
8/27/2023,R3,Away,W,4,3,Villarreal,3.1,1.9,60,21,11,0,0,557,628,88.7,3,0,14,11,Barcelona,2.00
9/3/2023,R4,Away,W,2,1,Osasuna,2,0.8,69,8,3,1,1,618,694,89,3,0,16,6,Barcelona,2.18
9/16/2023,R5,Home,W,5,0,Betis,2.4,0.8,65,17,9,0,0,619,692,89.5,1,0,9,10,Barcelona,2.35
9/23/2023,R6,Home,W,3,2,Celta Vigo,1.6,1.5,74,15,6,0,0,767,858,89.4,2,0,10,11,Barcelona,1.44
9/26/2023,R7,Away,D,2,2,Mallorca,1.9,0.8,69,10,4,0,0,524,621,84.4,1,0,7,18,Barcelona,2.13
9/29/2023,R8,Home,W,1,0,Sevilla,2.4,1.1,58,18,4,0,0,431,519,83,2,0,11,15,Barcelona,2.19
10/8/2023,R9,Away,D,2,2,Granada,3,0.8,80,22,10,0,0,725,823,88.1,1,0,7,12,Barcelona,2.55
10/22/2023,R10,Home,W,1,0,Athletic Club,1.3,0.4,62,12,7,0,0,484,576,84,3,0,11,17,Barcelona,2.09
10/28/2023,R11,Home,L,1,2,Real Madrid,1.5,1.1,53,15,3,0,0,503,591,85.1,2,0,15,15,Barcelona,1.66
11/4/2023,R12,Away,W,1,0,Real Sociedad,1.2,0.9,49,12,4,0,0,354,423,83.7,3,0,8,14,Barcelona,1.58
11/12/2023,R13,Home,W,2,1,Alavés,1.6,1.7,71,10,5,1,1,691,793,87.1,2,0,11,10,Barcelona,1.34
11/25/2023,R14,Away,D,1,1,Rayo Vallecano,1,0.7,67,15,4,0,0,564,640,88.1,4,0,13,23,Barcelona,1.58
12/3/2023,R15,Home,W,1,0,Atlético Madrid,2.6,0.6,58,13,2,0,0,578,648,89.2,5,0,17,11,Barcelona,2.54
12/10/2023,R16,Home,L,2,4,Girona,3.7,2.5,54,31,11,0,0,500,576,86.8,1,0,7,9,Barcelona,2.01
12/16/2023,R17,Away,D,1,1,Valencia,3.2,0.5,63,16,7,0,0,512,601,85.2,2,0,11,9,Barcelona,2.73
12/20/2023,R18,Home,W,3,2,Almería,3.4,1.6,65,30,11,0,0,547,621,88.1,3,0,16,8,Barcelona,2.31
1/4/2024,R19,Away,W,2,1,Las Palmas,2.4,0.7,56,14,4,1,1,443,549,80.7,2,0,5,14,Barcelona,2.42
1/21/2024,R21,Away,W,4,2,Betis,3,1.1,63,11,4,0,0,525,623,84.3,2,0,9,11,Barcelona,2.41
1/27/2024,R22,Home,L,3,5,Villarreal,2.2,2.1,70,22,9,0,0,612,712,86,3,0,8,13,Barcelona,1.45
1/31/2024,R20,Home,W,1,0,Osasuna,1.9,1,68,16,4,0,0,592,676,87.6,1,0,9,12,Barcelona,1.97
2/3/2024,R23,Away,W,3,1,Alavés,1.2,1,64,8,5,0,0,507,581,87.3,2,1,10,13,Barcelona,1.48
2/11/2024,R24,Home,D,3,3,Granada,2.3,1.4,65,11,5,0,0,569,672,84.7,1,0,13,9,Barcelona,1.91
2/17/2024,R25,Away,W,2,1,Celta Vigo,1.5,0.8,66,13,3,1,1,602,713,84.4,4,0,13,10,Barcelona,1.89
2/24/2024,R26,Home,W,4,0,Getafe,3.1,0.5,67,17,9,0,0,523,616,84.9,1,0,12,17,Barcelona,2.72
3/3/2024,R27,Away,D,0,0,Athletic Club,0.7,0.4,60,8,1,0,0,509,601,84.7,3,0,11,13,Barcelona,1.57
3/8/2024,R28,Home,W,1,0,Mallorca,2,0.6,63,19,5,0,1,564,649,86.9,1,0,10,14,Barcelona,2.31
3/17/2024,R29,Away,W,3,0,Atlético Madrid,1.5,0.8,59,9,5,0,0,489,570,85.8,1,0,9,15,Barcelona,1.86
8/14/2023,R1,Home,W,3,1,Granada,2.4,0.9,46,14,6,0,0,386,479,80.6,3,0,15,9,Atletico Madrid,2.32
8/20/2023,R2,Away,D,0,0,Betis,0.5,0.7,47,5,1,0,0,438,526,83.3,2,0,8,9,Atletico Madrid,1.11
8/28/2023,R3,Away,W,7,0,Rayo Vallecano,3.4,0.6,44,17,10,0,0,307,414,74.2,3,0,17,16,Atletico Madrid,2.73
9/16/2023,R5,Away,L,0,3,Valencia,0.6,1.3,63,11,3,0,0,496,601,82.5,5,0,17,12,Atletico Madrid,0.81
9/24/2023,R6,Home,W,3,1,Real Madrid,1.4,1,37,10,4,0,0,310,384,80.7,1,0,13,10,Atletico Madrid,1.64
9/28/2023,R7,Away,W,2,0,Osasuna,1.5,1,45,5,3,0,0,366,472,77.5,3,1,4,13,Atletico Madrid,1.74
10/1/2023,R8,Home,W,3,2,Cádiz,2.7,0.8,69,18,9,0,0,658,771,85.3,1,0,5,10,Atletico Madrid,2.46
10/8/2023,R9,Home,W,2,1,Real Sociedad,2.2,1.2,38,13,4,1,1,270,369,73.2,3,0,9,11,Atletico Madrid,2.00
10/21/2023,R10,Away,W,3,0,Celta Vigo,1.8,0.9,64,11,6,1,1,723,807,89.6,2,0,10,10,Atletico Madrid,2.00
10/29/2023,R11,Home,W,2,1,Alavés,1.3,0.5,63,11,7,0,0,682,774,88.1,3,0,10,10,Atletico Madrid,1.99
11/3/2023,R12,Away,L,1,2,Las Palmas,1.2,0.4,48,13,5,0,0,415,533,77.9,3,0,9,11,Atletico Madrid,2.03
11/12/2023,R13,Home,W,3,1,Villarreal,3.9,0.8,50,25,10,0,0,517,608,85,0,0,8,8,Atletico Madrid,2.75
11/25/2023,R14,Home,W,1,0,Mallorca,1.7,1.1,68,20,3,0,0,598,706,84.7,0,0,8,19,Atletico Madrid,1.77
12/3/2023,R15,Away,L,0,1,Barcelona,0.6,2.6,42,8,3,0,0,385,465,82.8,4,0,12,17,Atletico Madrid,0.33
12/10/2023,R16,Home,W,2,1,Almería,2.2,1.3,57,13,4,0,0,471,574,82.1,1,0,13,11,Atletico Madrid,1.94
12/16/2023,R17,Away,L,0,2,Athletic Club,0.4,2.4,62,7,3,0,0,565,687,82.2,1,0,10,8,Atletico Madrid,0.28
12/19/2023,R18,Home,D,3,3,Getafe,2,2,42,7,3,1,1,318,421,75.5,3,1,6,13,Atletico Madrid,1.40
12/23/2023,R4,Home,W,1,0,Sevilla,0.9,0.3,50,12,4,0,0,438,530,82.6,7,1,12,18,Atletico Madrid,1.86
1/3/2024,R19,Away,L,3,4,Girona,2.3,2.3,48,18,12,0,0,421,504,83.5,1,0,10,8,Atletico Madrid,1.43
1/22/2024,R21,Away,W,1,0,Granada,1.2,0.6,47,10,5,0,0,464,542,85.6,2,0,16,9,Atletico Madrid,1.83
1/28/2024,R22,Home,W,2,0,Valencia,2.4,0.5,54,12,8,0,0,568,649,87.5,2,0,9,8,Atletico Madrid,2.53
1/31/2024,R20,Home,W,2,1,Rayo Vallecano,1,0.4,54,8,3,0,0,425,533,79.7,0,0,11,13,Atletico Madrid,1.83
2/4/2024,R23,Away,D,1,1,Real Madrid,1.1,1.9,46,10,5,0,0,506,581,87.1,4,0,15,5,Atletico Madrid,0.86
2/11/2024,R24,Away,L,0,1,Sevilla,1.5,1,62,16,4,0,0,576,673,85.6,1,0,5,8,Atletico Madrid,1.75
2/17/2024,R25,Home,W,5,0,Las Palmas,3.5,0.7,36,12,6,1,1,263,365,72.1,2,0,19,9,Atletico Madrid,2.73
2/24/2024,R26,Away,D,2,2,Almería,1.5,0.5,60,18,9,0,0,493,597,82.6,1,0,12,13,Atletico Madrid,2.12
3/3/2024,R27,Home,W,2,1,Betis,3,0.6,42,16,11,0,1,372,481,77.3,1,0,9,12,Atletico Madrid,2.67
3/9/2024,R28,Away,L,0,2,Cádiz,0.9,1.1,60,8,4,0,0,493,612,80.6,5,0,15,19,Atletico Madrid,1.19
3/17/2024,R29,Home,L,0,3,Barcelona,0.8,1.5,41,13,3,0,0,305,400,76.3,3,1,15,8,Atletico Madrid,0.84
8/19/2023,R1,Home,W,2,0,Monza,2.7,0.8,47,22,3,0,0,448,509,88,1,0,8,13,Internazionale,2.45
8/28/2023,R2,Away,W,2,0,Cagliari,0.9,0.6,67,17,3,0,0,616,730,84.4,1,0,10,9,Internazionale,1.57
9/3/2023,R3,Home,W,4,0,Fiorentina,3.7,0.4,40,20,10,1,1,303,371,81.7,1,0,13,11,Internazionale,2.85
9/16/2023,R4,Home,W,5,1,Milan,2.6,1.1,41,13,6,1,1,305,377,80.9,2,0,16,12,Internazionale,2.25
9/24/2023,R5,Away,W,1,0,Empoli,1.6,0.3,61,23,5,0,0,517,621,83.3,2,0,11,14,Internazionale,2.30
9/27/2023,R6,Home,L,1,2,Sassuolo,0.9,1,63,13,3,0,0,529,640,82.7,0,0,10,8,Internazionale,1.25
9/30/2023,R7,Away,W,4,0,Salernitana,2.3,0.6,64,15,5,1,1,534,628,85,1,0,10,12,Internazionale,2.46
10/7/2023,R8,Home,D,2,2,Bologna,0.7,1.3,63,14,5,0,0,552,661,83.5,2,0,11,9,Internazionale,0.89
10/21/2023,R9,Away,W,3,0,Torino,2.5,0.4,53,13,3,1,1,410,492,83.3,2,0,8,12,Internazionale,2.63
10/29/2023,R10,Home,W,1,0,Roma,2.2,0.1,63,19,3,0,0,533,633,84.2,3,0,14,9,Internazionale,2.71
11/4/2023,R11,Away,W,2,1,Atalanta,1.3,1,46,9,3,1,1,380,482,78.8,1,0,9,12,Internazionale,1.55
11/12/2023,R12,Home,W,2,0,Frosinone,3.1,0.7,47,20,5,1,1,434,521,83.3,0,0,7,15,Internazionale,2.62
11/26/2023,R13,Away,D,1,1,Juventus,0.9,0.4,65,8,4,0,0,708,786,90.1,1,0,13,11,Internazionale,1.74
12/3/2023,R14,Away,W,3,0,Napoli,2.7,0.6,43,11,4,0,0,344,437,78.7,2,0,13,2,Internazionale,2.55
12/9/2023,R15,Home,W,4,0,Udinese,3.5,0.8,74,16,7,1,1,762,841,90.6,0,0,9,5,Internazionale,2.67
12/17/2023,R16,Away,W,2,0,Lazio,1.6,1.5,52,12,4,0,0,497,577,86.1,2,0,15,11,Internazionale,1.45
12/23/2023,R17,Home,W,2,0,Lecce,2.9,1.3,68,20,8,0,0,556,646,86.1,1,0,8,13,Internazionale,2.26
12/29/2023,R18,Away,D,1,1,Genoa,1.8,0.5,52,16,6,0,0,384,460,83.5,2,0,15,13,Internazionale,2.26
1/6/2024,R19,Home,W,2,1,Hellas Verona,1.9,1.3,61,15,6,0,0,454,566,80.2,0,0,16,13,Internazionale,1.75
1/13/2024,R20,Away,W,5,1,Monza,4.3,1,43,18,5,2,2,350,426,82.2,2,0,12,5,Internazionale,2.75
1/28/2024,R22,Away,W,1,0,Fiorentina,0.5,1.8,43,8,4,0,0,316,418,75.6,3,0,12,6,Internazionale,0.50
2/4/2024,R23,Home,W,1,0,Juventus,1.7,0.6,54,15,3,0,0,518,610,84.9,2,0,8,8,Internazionale,2.14
2/10/2024,R24,Away,W,4,2,Roma,0.9,0.7,53,10,6,0,0,509,588,86.6,0,0,14,9,Internazionale,1.48
2/16/2024,R25,Home,W,4,0,Salernitana,3.9,0,75,26,10,0,0,618,704,87.8,0,0,9,9,Internazionale,2.96
2/25/2024,R26,Away,W,4,0,Lecce,2.9,1,61,11,7,0,0,503,599,84,2,0,6,13,Internazionale,2.42
2/28/2024,R21,Home,W,4,0,Atalanta,2,0.3,59,14,6,0,1,543,622,87.3,2,0,10,12,Internazionale,2.52
3/4/2024,R27,Home,W,2,1,Genoa,1.8,0.8,62,14,4,1,1,577,654,88.2,2,0,5,14,Internazionale,2.06
3/9/2024,R28,Away,W,1,0,Bologna,0.9,0.6,40,5,4,0,0,382,475,80.4,1,0,12,18,Internazionale,1.62
3/17/2024,R29,Home,D,1,1,Napoli,1.6,1.4,49,19,6,0,0,394,470,83.8,2,0,19,5,Internazionale,1.49
8/21/2023,R1,Away,W,2,0,Bologna,0.9,1,47,9,5,0,0,430,515,83.5,2,0,4,10,Milan,1.26
8/26/2023,R2,Home,W,4,1,Torino,3,0.5,59,15,5,2,2,452,529,85.4,2,0,13,15,Milan,2.70
9/1/2023,R3,Away,W,2,1,Roma,1.5,0.7,56,8,3,1,1,494,569,86.8,4,1,15,14,Milan,1.99
9/16/2023,R4,Away,L,1,5,Inter,1.1,2.6,59,9,2,0,0,493,553,89.2,2,0,13,14,Milan,0.59
9/23/2023,R5,Home,W,1,0,Hellas Verona,0.9,0.6,54,9,4,0,0,390,495,78.8,4,0,12,11,Milan,1.59
9/27/2023,R6,Away,W,3,1,Cagliari,2.1,0.9,66,17,6,0,0,610,672,90.8,1,0,6,13,Milan,2.16
9/30/2023,R7,Home,W,2,0,Lazio,2.2,0.5,51,14,7,0,0,447,528,84.7,3,0,15,5,Milan,2.44
10/7/2023,R8,Away,W,1,0,Genoa,0.6,0.5,59,12,3,0,0,496,586,84.6,5,1,13,9,Milan,1.36
10/22/2023,R9,Home,L,0,1,Juventus,0.3,1.4,52,7,1,0,0,385,490,78.6,1,1,12,13,Milan,0.51
10/29/2023,R10,Away,D,2,2,Napoli,2,1.7,52,20,6,0,0,432,513,84.2,3,0,10,14,Milan,1.57
11/4/2023,R11,Home,L,0,1,Udinese,0.9,1.4,72,14,4,0,0,524,614,85.3,1,0,12,13,Milan,1.01
11/11/2023,R12,Away,D,2,2,Lecce,1.1,1.4,55,10,6,0,0,389,479,81.2,6,1,16,12,Milan,1.14
11/25/2023,R13,Home,W,1,0,Fiorentina,1.8,1.8,42,8,5,1,1,314,406,77.3,1,0,9,8,Milan,1.36
12/2/2023,R14,Home,W,3,1,Frosinone,1.2,0.7,47,10,3,0,0,370,448,82.6,1,0,11,6,Milan,1.73
12/9/2023,R15,Away,L,2,3,Atalanta,1.5,3.3,58,14,3,0,0,533,619,86.1,5,1,11,10,Milan,0.55
12/17/2023,R16,Home,W,3,0,Monza,2,1.5,45,17,9,0,0,384,444,86.5,1,0,8,8,Milan,1.69
12/22/2023,R17,Away,D,2,2,Salernitana,2.2,1.4,65,21,8,0,0,476,559,85.2,1,0,11,15,Milan,1.88
12/30/2023,R18,Home,W,1,0,Sassuolo,1.5,0.5,58,20,2,0,0,486,562,86.5,0,0,8,7,Milan,2.13
1/7/2024,R19,Away,W,3,0,Empoli,1.7,0.9,65,12,5,1,1,595,667,89.2,2,0,13,8,Milan,1.93
1/14/2024,R20,Home,W,3,1,Roma,1.5,1.4,48,17,5,0,0,437,506,86.4,2,0,12,9,Milan,1.43
1/20/2024,R21,Away,W,3,2,Udinese,2.6,0.6,69,15,7,0,0,499,598,83.4,1,0,9,12,Milan,2.56
1/27/2024,R22,Home,D,2,2,Bologna,3.3,1.8,50,12,3,0,2,423,487,86.9,5,0,16,12,Milan,2.15
2/3/2024,R23,Away,W,3,2,Frosinone,1.4,1,58,13,5,0,0,464,567,81.8,3,0,13,8,Milan,1.66
2/11/2024,R24,Home,W,1,0,Napoli,0.9,0.7,41,10,6,0,0,336,432,77.8,1,0,9,11,Milan,1.47
2/18/2024,R25,Away,L,2,4,Monza,1.3,1.8,51,16,6,0,0,419,497,84.3,1,1,10,10,Milan,1.05
2/25/2024,R26,Home,D,1,1,Atalanta,1.3,1.1,68,20,6,0,0,579,681,85,1,0,12,15,Milan,1.53
3/1/2024,R27,Away,W,1,0,Lazio,1,1.3,61,14,5,0,0,478,550,86.9,6,0,19,17,Milan,1.15
3/10/2024,R28,Home,W,1,0,Empoli,0.8,0.2,61,15,5,0,0,529,600,88.2,1,0,18,13,Milan,1.88
3/17/2024,R29,Away,W,3,1,Hellas Verona,2.7,0.5,56,18,6,0,0,425,501,84.8,3,0,8,9,Milan,2.64
8/20/2023,R1,Away,W,3,0,Udinese,1.8,1,51,8,3,1,1,411,503,81.7,3,0,10,9,Juventus,1.91
8/27/2023,R2,Home,D,1,1,Bologna,0.8,0.5,58,14,3,0,0,495,593,83.5,2,0,15,12,Juventus,1.56
9/3/2023,R3,Away,W,2,0,Empoli,2.7,0.3,50,17,4,0,1,420,507,82.8,3,0,13,14,Juventus,2.74
9/16/2023,R4,Home,W,3,1,Lazio,2.2,0.6,36,17,7,0,0,303,375,80.8,5,0,13,13,Juventus,2.35
9/23/2023,R5,Away,L,2,4,Sassuolo,1.2,1.6,57,15,2,0,0,434,522,83.1,2,0,8,13,Juventus,1.11
9/26/2023,R6,Home,W,1,0,Lecce,1.4,0.1,50,15,5,0,0,405,492,82.3,2,0,14,14,Juventus,2.43
10/1/2023,R7,Away,D,0,0,Atalanta,0.2,1.2,48,5,3,0,0,462,542,85.2,2,0,7,12,Juventus,0.50
10/7/2023,R8,Home,W,2,0,Torino,1.9,0.6,50,17,5,0,0,375,469,80,1,0,10,8,Juventus,2.23
10/22/2023,R9,Away,W,1,0,Milan,1.4,0.3,48,14,4,0,0,377,461,81.8,4,0,16,11,Juventus,2.26
10/28/2023,R10,Home,W,1,0,Hellas Verona,3.3,0.3,54,30,5,0,0,464,544,85.3,3,0,13,8,Juventus,2.84
11/5/2023,R11,Away,W,1,0,Fiorentina,0.7,0.7,32,4,3,0,0,192,288,66.7,3,0,21,12,Juventus,1.32
11/11/2023,R12,Home,W,2,1,Cagliari,2.3,0.6,49,18,4,0,0,345,451,76.5,3,0,14,7,Juventus,2.42
11/26/2023,R13,Home,D,1,1,Inter,0.4,0.9,35,4,1,0,0,339,419,80.9,2,0,12,11,Juventus,0.84
12/1/2023,R14,Away,W,2,1,Monza,2.5,0.7,35,17,6,0,1,311,380,81.8,2,0,8,12,Juventus,2.46
12/8/2023,R15,Home,W,1,0,Napoli,0.9,1.2,34,11,2,0,0,228,331,68.9,2,0,11,10,Juventus,1.11
12/15/2023,R16,Away,D,1,1,Genoa,1.7,0.8,57,10,3,1,1,374,465,80.4,3,0,12,14,Juventus,2.01
12/23/2023,R17,Away,W,2,1,Frosinone,1.1,0.5,44,13,3,0,0,299,399,74.9,2,0,12,6,Juventus,1.82
12/30/2023,R18,Home,W,1,0,Roma,1.1,0.5,43,13,3,0,0,387,472,82,1,0,15,14,Juventus,1.85
1/7/2024,R19,Away,W,2,1,Salernitana,2,0.8,70,18,3,0,0,563,660,85.3,5,0,15,9,Juventus,2.20
1/16/2024,R20,Home,W,3,0,Sassuolo,1.2,0.3,46,12,5,0,0,402,495,81.2,0,0,9,8,Juventus,2.12
1/21/2024,R21,Away,W,3,0,Lecce,2.1,0.6,49,15,6,0,0,387,482,80.3,1,0,12,7,Juventus,2.36
1/27/2024,R22,Home,D,1,1,Empoli,0.8,0.8,40,9,3,0,0,358,442,81,1,1,11,4,Juventus,1.30
2/4/2024,R23,Away,L,0,1,Inter,0.6,1.7,46,12,1,0,0,453,525,86.3,3,0,8,5,Juventus,0.62
2/12/2024,R24,Home,L,0,1,Udinese,1.7,0.7,70,14,6,0,0,510,609,83.7,3,0,15,10,Juventus,2.07
2/17/2024,R25,Away,D,2,2,Hellas Verona,1.8,0.6,56,17,3,1,1,416,509,81.7,0,0,10,7,Juventus,2.19
2/25/2024,R26,Home,W,3,2,Frosinone,2,0.4,62,22,5,0,0,572,668,85.6,2,0,12,5,Juventus,2.48
3/3/2024,R27,Away,L,1,2,Napoli,1.6,2.1,30,18,4,0,0,218,295,73.9,4,0,16,6,Juventus,1.10
3/10/2024,R28,Home,D,2,2,Atalanta,1.3,0.5,52,18,5,0,0,457,556,82.2,0,0,12,10,Juventus,1.98
3/17/2024,R29,Home,D,0,0,Genoa,1,0.2,66,17,2,0,0,493,607,81.2,4,1,11,11,Juventus,2.04
8/18/2023,R1,Away,W,4,0,Werder Bremen,2.8,0.6,72,25,10,0,0,629,707,89,1,0,11,17,Bayern Munich,2.59
8/27/2023,R2,Home,W,3,1,Augsburg,2.8,0.7,61,18,4,1,1,562,657,85.5,1,0,14,6,Bayern Munich,2.55
9/2/2023,R3,Away,W,2,1,M'Gladbach,2.4,0.3,65,25,7,0,0,598,695,86,2,0,20,5,Bayern Munich,2.65
9/15/2023,R4,Home,D,2,2,Leverkusen,2.1,2.1,51,16,9,0,0,539,634,85,0,0,6,6,Bayern Munich,1.39
9/23/2023,R5,Home,W,7,0,Bochum,4.8,0.1,62,25,14,1,1,534,616,86.7,0,0,8,9,Bayern Munich,2.98
9/30/2023,R6,Away,D,2,2,RB Leipzig,2.3,0.7,65,10,4,1,1,639,727,87.9,5,0,11,9,Bayern Munich,2.38
10/8/2023,R7,Home,W,3,0,Freiburg,2.4,0.1,69,21,6,0,0,725,815,89,1,0,7,8,Bayern Munich,2.75
10/21/2023,R8,Away,W,3,1,Mainz 05,1.8,1.1,62,13,5,0,0,554,646,85.8,2,0,10,12,Bayern Munich,1.86
10/28/2023,R9,Home,W,8,0,Darmstadt 98,5.8,0.7,54,29,16,0,0,472,536,88.1,1,1,15,13,Bayern Munich,2.95
11/4/2023,R10,Away,W,4,0,Dortmund,3.2,1,51,14,8,0,0,479,554,86.5,2,0,6,13,Bayern Munich,2.50
11/11/2023,R11,Home,W,4,2,Heidenheim,2,0.9,72,19,8,0,0,732,834,87.8,1,0,8,8,Bayern Munich,2.09
11/24/2023,R12,Away,W,1,0,Köln,3.5,0.2,68,21,4,0,0,722,815,88.6,1,0,4,6,Bayern Munich,2.89
12/9/2023,R14,Away,L,1,5,Eint Frankfurt,2.1,1.3,64,20,4,0,0,630,713,88.4,2,0,7,8,Bayern Munich,1.87
12/17/2023,R15,Home,W,3,0,Stuttgart,2.8,0.4,38,17,8,0,0,367,456,80.5,0,0,7,7,Bayern Munich,2.70
12/20/2023,R16,Away,W,2,1,Wolfsburg,2.5,0.3,61,21,7,0,0,605,697,86.8,2,0,12,14,Bayern Munich,2.67
1/12/2024,R17,Home,W,3,0,Hoffenheim,2.8,1.2,61,27,11,0,0,610,695,87.8,1,0,8,6,Bayern Munich,2.30
1/21/2024,R18,Home,L,0,1,Werder Bremen,1.9,0.4,68,22,7,0,0,656,741,88.5,2,0,12,7,Bayern Munich,2.41
1/24/2024,R13,Home,W,1,0,Union Berlin,2.1,0.2,72,22,10,0,0,704,802,87.8,2,0,5,9,Bayern Munich,2.64
1/27/2024,R19,Away,W,3,2,Augsburg,2.3,2.6,58,13,4,0,0,505,588,85.9,6,0,11,11,Bayern Munich,1.27
2/3/2024,R20,Home,W,3,1,M'Gladbach,2.1,1,55,20,6,0,0,547,632,86.6,0,0,10,8,Bayern Munich,2.07
2/10/2024,R21,Away,L,0,3,Leverkusen,0.6,1.3,61,9,1,0,0,612,706,86.7,2,0,13,13,Bayern Munich,0.80
2/18/2024,R22,Away,L,2,3,Bochum,3.3,1.7,68,27,9,0,0,544,677,80.4,4,1,10,10,Bayern Munich,2.23
2/24/2024,R23,Home,W,2,1,RB Leipzig,1.5,0.9,57,16,4,0,0,571,652,87.6,3,0,11,9,Bayern Munich,1.80
3/1/2024,R24,Away,D,2,2,Freiburg,1.8,1.5,62,20,7,0,0,566,650,87.1,2,0,7,11,Bayern Munich,1.59
3/9/2024,R25,Home,W,8,1,Mainz 05,6.2,0.8,59,24,11,0,0,532,605,87.9,1,0,8,7,Bayern Munich,2.96
3/16/2024,R26,Away,W,5,2,Darmstadt 98,3.6,1.2,76,27,6,0,0,646,740,87.3,0,0,6,9,Bayern Munich,2.55
8/19/2023,R1,Home,W,1,0,Köln,1.8,1.2,66,13,2,0,0,649,746,87,1,0,13,11,Dortmund,1.78
8/26/2023,R2,Away,D,1,1,Bochum,1.3,1,64,14,3,0,0,439,578,76,1,0,7,19,Dortmund,1.57
9/1/2023,R3,Home,D,2,2,Heidenheim,3.4,2.1,62,18,7,1,1,455,560,81.3,3,0,9,20,Dortmund,2.00
9/16/2023,R4,Away,W,4,2,Freiburg,2.3,1,50,15,7,0,0,375,460,81.5,3,0,16,12,Dortmund,2.20
9/23/2023,R5,Home,W,1,0,Wolfsburg,1.7,0.5,63,18,4,0,0,559,652,85.7,0,0,9,14,Dortmund,2.21
9/29/2023,R6,Away,W,3,1,Hoffenheim,1.6,1.9,47,6,5,0,0,320,425,75.3,5,1,16,14,Dortmund,1.21
10/7/2023,R7,Home,W,4,2,Union Berlin,1.6,1.4,66,14,7,0,0,559,659,84.8,1,0,7,15,Dortmund,1.52
10/20/2023,R8,Home,W,1,0,Werder Bremen,2.6,0.4,57,23,5,0,0,524,616,85.1,1,0,5,10,Dortmund,2.65
10/29/2023,R9,Away,D,3,3,Eint Frankfurt,2.2,2.2,59,14,4,0,0,527,619,85.1,2,0,10,11,Dortmund,1.43
11/4/2023,R10,Home,L,0,4,Bayern Munich,1,3.2,49,15,1,0,0,450,542,83,3,0,13,6,Dortmund,0.38
11/11/2023,R11,Away,L,1,2,Stuttgart,1,4.2,41,5,1,0,0,366,470,77.9,3,0,16,12,Dortmund,0.19
11/25/2023,R12,Home,W,4,2,M'Gladbach,3.2,1,51,23,13,0,0,476,556,85.6,1,0,11,11,Dortmund,2.54
12/3/2023,R13,Away,D,1,1,Leverkusen,0.7,2.1,31,6,2,0,0,240,334,71.9,2,0,12,12,Dortmund,0.51
12/9/2023,R14,Home,L,2,3,RB Leipzig,1.5,2.8,53,18,6,0,0,495,600,82.5,1,1,6,10,Dortmund,0.73
12/16/2023,R15,Away,D,1,1,Augsburg,2.6,1.8,63,24,7,0,0,559,650,86,1,0,4,13,Dortmund,1.83
12/19/2023,R16,Home,D,1,1,Mainz 05,1.2,0.9,65,22,7,0,0,574,691,83.1,0,0,11,13,Dortmund,1.63
1/13/2024,R17,Away,W,3,0,Darmstadt 98,3.1,1,52,17,8,0,0,440,544,80.9,3,0,13,10,Dortmund,2.50
1/20/2024,R18,Away,W,4,0,Köln,3.4,1.3,61,10,6,1,1,582,668,87.1,2,0,7,15,Dortmund,2.44
1/28/2024,R19,Home,W,3,1,Bochum,2.9,0.5,63,17,4,2,2,452,567,79.7,1,0,10,15,Dortmund,2.68
2/2/2024,R20,Away,D,0,0,Heidenheim,0.6,1.2,69,14,5,0,0,631,743,84.9,2,0,7,6,Dortmund,0.83
2/9/2024,R21,Home,W,3,0,Freiburg,1.9,0.3,66,17,8,0,0,625,710,88,2,0,13,7,Dortmund,2.50
2/17/2024,R22,Away,D,1,1,Wolfsburg,1.4,1.8,63,12,5,0,0,565,658,85.9,1,0,5,18,Dortmund,1.14
2/25/2024,R23,Home,L,2,3,Hoffenheim,1.9,1.3,69,21,7,0,0,631,732,86.2,2,0,7,9,Dortmund,1.75
3/2/2024,R24,Away,W,2,0,Union Berlin,1.6,1.2,61,13,7,0,0,516,635,81.3,1,0,8,10,Dortmund,1.65
3/9/2024,R25,Away,W,2,1,Werder Bremen,1.2,1.8,54,13,6,0,0,552,638,86.5,2,1,8,6,Dortmund,0.99
3/17/2024,R26,Home,W,3,1,Eint Frankfurt,2.3,0.9,66,15,4,1,1,629,732,85.9,1,0,5,9,Dortmund,2.24
8/12/2023,R1,Home,D,0,0,Lorient,1.2,0.1,78,20,4,0,0,964,1051,91.7,0,0,8,5,Paris Saint Germain,2.30
8/19/2023,R2,Away,D,1,1,Toulouse,2.1,1.2,76,15,2,1,1,720,802,89.8,3,0,11,7,Paris Saint Germain,1.96
8/26/2023,R3,Home,W,3,1,Lens,1.5,0.5,66,17,6,0,0,695,761,91.3,0,0,8,16,Paris Saint Germain,2.10
9/3/2023,R4,Away,W,4,1,Lyon,4.5,2.1,69,21,7,1,1,781,843,92.6,2,0,5,9,Paris Saint Germain,2.42
9/15/2023,R5,Home,L,2,3,Nice,1,1.3,69,12,3,0,0,640,743,86.1,2,0,8,17,Paris Saint Germain,1.13
9/24/2023,R6,Home,W,4,0,Marseille,1.9,0.7,76,15,5,0,0,751,845,88.9,0,0,11,14,Paris Saint Germain,2.16
9/30/2023,R7,Away,D,0,0,Clermont Foot,3,1,67,21,10,0,0,534,617,86.5,3,0,16,11,Paris Saint Germain,2.45
10/8/2023,R8,Away,W,3,1,Rennes,3.5,1.1,58,17,7,0,0,586,663,88.4,0,0,15,12,Paris Saint Germain,2.53
10/21/2023,R9,Home,W,3,0,Strasbourg,2,0.4,76,7,3,1,1,800,867,92.3,2,0,11,9,Paris Saint Germain,2.47
10/29/2023,R10,Away,W,3,2,Brest,2.1,1.8,56,16,9,0,1,473,546,86.6,4,0,10,14,Paris Saint Germain,1.56
11/3/2023,R11,Home,W,3,0,Montpellier,1.1,0.5,70,21,9,0,0,716,797,89.8,1,0,10,12,Paris Saint Germain,1.84
11/11/2023,R12,Away,W,3,0,Reims,2.3,1.3,61,14,6,0,0,552,624,88.5,0,0,6,13,Paris Saint Germain,1.97
11/24/2023,R13,Home,W,5,2,Monaco,2.6,1.6,54,15,10,1,1,489,588,83.2,0,0,9,19,Paris Saint Germain,1.97
12/3/2023,R14,Away,W,2,0,Le Havre,1.2,2,39,9,5,0,0,352,435,80.9,1,1,9,10,Paris Saint Germain,0.90
12/9/2023,R15,Home,W,2,1,Nantes,2,0.5,65,16,6,0,0,696,784,88.8,1,0,9,12,Paris Saint Germain,2.37
12/17/2023,R16,Away,D,1,1,Lille,1.4,1.4,59,9,1,1,1,483,564,85.6,1,0,19,9,Paris Saint Germain,1.36
12/20/2023,R17,Home,W,3,1,Metz,2.4,0.1,74,13,5,0,0,787,860,91.5,0,0,6,9,Paris Saint Germain,2.76
1/14/2024,R18,Away,W,2,0,Lens,1.8,2.1,65,15,7,0,0,643,716,89.8,1,0,8,10,Paris Saint Germain,1.23
1/28/2024,R19,Home,D,2,2,Brest,2.1,0.7,54,10,4,0,0,462,552,83.7,5,1,12,9,Paris Saint Germain,2.25
2/2/2024,R20,Away,W,2,1,Strasbourg,2,2.7,62,8,4,0,1,538,633,85,1,0,13,11,Paris Saint Germain,1.02
2/10/2024,R21,Home,W,3,1,Lille,2.8,1.2,52,16,8,0,0,434,510,85.1,2,0,12,10,Paris Saint Germain,2.27
2/17/2024,R22,Away,W,2,0,Nantes,1.5,1.3,77,11,1,1,1,835,921,90.7,0,0,12,10,Paris Saint Germain,1.53
2/25/2024,R23,Home,D,1,1,Rennes,1.9,0.8,66,14,2,1,1,643,743,86.5,5,0,13,16,Paris Saint Germain,2.12
3/1/2024,R24,Away,D,0,0,Monaco,1.5,1.6,68,14,7,0,0,573,677,84.6,0,0,13,8,Paris Saint Germain,1.29
3/10/2024,R25,Home,D,2,2,Reims,1.2,1.3,64,19,6,0,0,553,642,86.1,2,0,10,13,Paris Saint Germain,1.30
3/17/2024,R26,Away,W,6,2,Montpellier,1.5,2.3,68,16,9,0,0,635,698,91,3,0,13,10,Paris Saint Germain,0.93
